pID,pName,culture,adventure,wildlife,sightseeing,history,tags,province
1.0,Satasidham,5.0,0.0,0.0,5.0,3.0,"waterfall, pond, garden, cave , hindu , temple",1.0
2.0,Arjundhara Dham,5.0,0.0,0.0,3.0,5.0,"hindu, temple, pond, gurukul, farm ",1.0
3.0,Kichakavadh,4.0,0.0,0.0,5.0,5.0,"hindu, pond, garden, temple, castle remnants",1.0
4.0,Biratpokhar,2.0,0.0,0.0,5.0,5.0,"hindu, pond, garden",1.0
5.0,Krishnathumki,5.0,2.0,0.0,5.0,5.0,"hindu , pond, garden, temple , boat ride ",1.0
6.0,Jamunkhadi Wetland,0.0,2.0,5.0,5.0,0.0,"wetland, pond, picnic, boat ride, wildlife",1.0
7.0,Hiledhap Wetland,0.0,0.0,5.0,5.0,0.0,"wetland, pond, wildlife",1.0
8.0,Mai Khola (Kankai river),5.0,2.0,2.0,3.0,3.0,"river, hindu, temple",1.0
9.0,Haluwagadh Kalikhola Simsaar,0.0,4.0,4.0,5.0,0.0,"pond, mountain bike ride , wetland, wildlife",1.0
10.0,Domukha Shivasatakshi,0.0,2.0,2.0,5.0,0.0,"picnic , river",1.0
11.0,Dhanpal fort ,5.0,0.0,0.0,5.0,5.0,"fort, temple, hindu, hiking",1.0
12.0,Koshi Barrage,0.0,0.0,0.0,3.0,5.0,landmarks,1.0
13.0,"jhandi dada, Illam",0.0,5.0,2.0,5.0,0.0,"Sighting, hiking, landmarks.hills",1.0
14.0,"Indrenital, Damak",0.0,2.0,0.0,5.0,0.0,"hiking, lake, landmarks",1.0
15.0,"Radha krishna mandir, Itahari",5.0,0.0,0.0,4.0,3.0,"hindu, temple",1.0
16.0,Chuli pokhari,0.0,4.0,0.0,4.0,0.0,"pond, hiking, landmarks,hills",1.0
17.0,Namje village,3.0,4.0,0.0,5.0,0.0,"hiking,hills,landmarks,mountains",1.0
18.0,Baraha Chhetra,5.0,2.0,2.0,3.0,4.0,"hindu, temple, hills,river",1.0
19.0,Betana wetland,0.0,2.0,5.0,5.0,0.0,"zoo, wetland,pond,wildlife",1.0
20.0,"Kechana, jhapa",0.0,0.0,0.0,3.0,3.0,landmarks,1.0
21.0,"Kanyam, Illam",0.0,2.0,0.0,5.0,3.0,"garden, hills, hiking, landmarks",1.0
22.0,Sandakphu,2.0,4.0,0.0,5.0,0.0,"mountains, hills, hiking",1.0
23.0,Jorsale,4.0,5.0,0.0,5.0,0.0,"trekking, hills",1.0
24.0,Raja rani,3.0,3.0,0.0,5.0,0.0,"lake, trekking",1.0
25.0,Ama dablam,0.0,5.0,2.0,5.0,0.0,"hiking, trekking,mouintains",1.0
26.0,Chukhung,0.0,4.0,0.0,2.0,0.0,"trekking,mountains",1.0
27.0,"Kunde, Nepal",3.0,3.0,3.0,0.0,0.0,"mountains, hiking",1.0
28.0,Hasina wetland,3.0,5.0,4.0,3.0,0.0,"trekking, picnic",1.0
29.0,Bhojpur,4.0,3.0,3.0,4.0,5.0,"hiking,temple,river",1.0
30.0,Koshi tappu wildlife reserve,0.0,5.0,5.0,2.0,0.0,"hiking, sighting, wildlife,  boat ride, tour",1.0
31.0,"Bhedetar, dhankuta",0.0,3.0,0.0,3.0,0.0,"hiking, food tour",1.0
32.0,"Urlabari, jhapa",3.0,3.0,0.0,2.0,0.0,trekking,1.0
33.0,Mini mountain,0.0,5.0,0.0,0.0,0.0,"picnic, mountains,  family tour spot, river",1.0
34.0,"Triyuga Baan, fattepur",0.0,3.0,0.0,0.0,4.0,"hiking, landmarks, river",1.0
35.0,Mechinagar,0.0,4.0,0.0,0.0,2.0,"city Tour Destinations,Landmarks",1.0
36.0,Phakding,2.0,4.0,0.0,2.0,2.0,"trekking, hills ,Landmarks",1.0
37.0,"Shiv Jhatta, Dharan",0.0,5.0,0.0,3.0,0.0,"Hiking, Landmarks, waterfall, picnic spot",1.0
38.0,Kongde ri,0.0,5.0,0.0,0.0,2.0,"Hiking, Hills, Landmarks, Trekking,mountain",1.0
39.0,Haleshi-maratika cave,3.0,4.0,0.0,2.0,2.0,"Tour, Hiking,Landmarks,Religious ",1.0
40.0,Olangchung Gola,0.0,3.0,0.0,0.0,4.0,"Tour,Hiking,Hills, river",1.0
41.0,Itahari,0.0,4.0,3.0,3.0,0.0,"Parks,Tour, Terai,Trekking ",1.0
42.0,"Pathivara temple,taplejung",3.0,3.0,0.0,4.0,5.0,"Hiking,Mountains, Religious shrine",1.0
43.0,Budhasubba,3.0,0.0,0.0,3.0,5.0,"Religious shrine, river",1.0
44.0,"Sriyantuu, ilam",0.0,3.0,0.0,2.0,0.0,"Tour,Hills,Landmarks,picnic spot",1.0
45.0,Namchebazaar,3.0,3.0,0.0,2.0,0.0,"hills, trekking",1.0
46.0,"kerabar,morang",3.0,0.0,0.0,2.0,0.0,"Tour,Landmarks,Trekking ",1.0
47.0,Gairi pangma,4.0,3.0,0.0,0.0,3.0,"Tour,Hiking,Landmarks",1.0
48.0,Mechi bridge,0.0,3.0,0.0,2.0,3.0,"Tour,Landmarks, river, terai",1.0
49.0,Nuptse,0.0,5.0,0.0,0.0,2.0,"Tour,Hiking,Landmarks,Trekking,mountain",1.0
50.0,Solududhkunda,3.0,4.0,0.0,0.0,3.0,"Tour, Hiking, Landmarks,Trekking",1.0
51.0,Dughla,2.0,5.0,0.0,0.0,0.0,"Hiking,Landmarks,Trekking,lake,mountain",1.0
52.0,khumjung,3.0,0.0,3.0,0.0,2.0,"Hiking,Landmarks,Trekking",1.0
53.0,"Mude, sankhuwasabha",3.0,0.0,0.0,3.0,4.0,"Food Tour, Hiking,Hilly,Mountain",1.0
54.0,Gokulam resort,0.0,3.0,0.0,0.0,0.0,"Tour,Hiking ,Terai",1.0
55.0,"Smile park, damak",0.0,3.0,0.0,2.0,0.0,"Tour, Landmarks, Terai, picnic spot",1.0
56.0,"Gokyo lake, solukhumbu",0.0,4.0,0.0,0.0,0.0,"Tour,Landmarks,Religious shrine,lake",1.0
57.0,Diktel,3.0,0.0,0.0,2.0,0.0,"Tour,Landmarks",1.0
58.0,"Dole, Nepal",0.0,4.0,0.0,0.0,0.0,"Tour,Landmarks,hills",1.0
59.0,Pangboche,3.0,3.0,0.0,0.0,4.0,"Tour,Landmarks,hills",1.0
60.0,Gyachung kang,0.0,5.0,0.0,0.0,0.0,"Trekking,Landmarks,hiking, mountain ",1.0
61.0,"Hile, dhankuta",3.0,4.0,0.0,0.0,3.0,"Trekking,Landmarks,hiking, hills",1.0
62.0,Lukla,0.0,3.0,0.0,0.0,3.0,"Arts and Entertainment, Landmarks",1.0
63.0,Pakhribas,3.0,0.0,0.0,2.0,0.0,"Landmarks, tour",1.0
64.0,Pindeshwor temple,3.0,0.0,0.0,0.0,4.0,"Tour,Landmarks,hiking,terai",1.0
65.0,Thechambu,3.0,0.0,0.0,0.0,3.0,"Tour,Landmarks,hiking",1.0
66.0,Machhermo,0.0,4.0,0.0,0.0,2.0,"Tour,Landmarks,hiking",1.0
67.0,Chaurikharka,0.0,5.0,0.0,0.0,3.0,"Tour,Landmarks,hiking,Nightlife",1.0
68.0,Shivgunj,3.0,0.0,0.0,0.0,3.0,"Terai, Landmarks, tour",1.0
69.0,"Temke danda, bhojpur",5.0,3.0,0.0,0.0,4.0,"hiking, hills,landmarks,mountain",1.0
70.0,Birtamod,2.0,4.0,0.0,3.0,2.0,"Nightclubs, terai, tour",1.0
71.0,Panchthar,3.0,4.0,3.0,5.0,4.0,"hiking, hills, trekking, red panda, wildlife",1.0
72.0,Kanchanjunga national park,0.0,3.0,5.0,5.0,0.0,"trekking, wildlife, rhododendrons",1.0
73.0,Khangchendzonga national park,0.0,4.0,5.0,3.0,0.0,"trekking, wildlife,lakes,river",1.0
74.0,Tamur river,0.0,5.0,0.0,0.0,0.0,"River,adventure",1.0
75.0,Fung funge waterfall,0.0,4.0,0.0,0.0,0.0,"Waterfall,river",1.0
76.0,Hyatrung waterfall,0.0,4.0,0.0,0.0,0.0,"waterfall,river",1.0
77.0,Tinjure hill,0.0,4.0,0.0,3.0,2.0,"Hill, mountain, trekking",1.0
78.0,Singhabahini temple,3.0,0.0,0.0,0.0,4.0," Religious shrine, temple",1.0
79.0,Shree Antu,4.0,3.0,0.0,0.0,0.0,"pond, farm",1.0
80.0,Siddhithumka ,3.0,4.0,2.0,2.0,0.0,"cave, falls, farm",1.0
81.0,Gajurmukhi,4.0,3.0,0.0,3.0,3.0,"river, religious shrine, temple",1.0
82.0,Todke falls,0.0,3.0,0.0,0.0,0.0,"waterfall, river",1.0
83.0,Hangetham/ Choyatar forest,0.0,4.0,5.0,3.0,0.0,"Red panda,Buddhist pilgrimage, Religious Shrine",1.0
84.0,Indreshwor mahadev,4.0,0.0,0.0,3.0,4.0,"Temple, pilgrimage, religious shrine",1.0
85.0,Gupteshwor Mahadev,4.0,3.0,0.0,3.0,4.0,"cave, religious shrine, temple",1.0
86.0,Gupha pokhari,0.0,4.0,0.0,0.0,3.0,"cave,pond, trekking,lake,mountain",1.0
87.0,Pattek hill,2.0,3.0,0.0,0.0,0.0,"hills, trekking",1.0
88.0,Milke dada,2.0,4.0,0.0,0.0,0.0,"mountain, rhododendron, trekkking",1.0
89.0,Panchakanya pokhari,3.0,2.0,0.0,2.0,2.0,"pond, temple",1.0
90.0,Makalu barun national park,0.0,5.0,4.0,2.0,0.0,"trekking, wildlife,lakes,river",1.0
91.0,Chinnamasta Bhagawati,5.0,0.0,0.0,3.0,5.0,"hindu,temple",2.0
92.0,Kankalini Temple,5.0,0.0,0.0,3.0,3.0,"hindu,temple",2.0
93.0,Kanakpatti Palace,3.0,0.0,0.0,4.0,5.0,"palace, landmarks",2.0
94.0,Rajdevi Temple,5.0,0.0,0.0,3.0,1.0,"hindu,temple",2.0
95.0,Chandrabhoga Gadhi,5.0,0.0,0.0,5.0,5.0,"landmarks, art",2.0
96.0,Shambhunath Temple,5.0,0.0,0.0,3.0,1.0,"hindu, temple ",2.0
97.0,Rajbiraj,5.0,0.0,0.0,4.0,3.0,"city, landmarks, terai region",2.0
98.0,"Vishnu Temple, Saptari",5.0,0.0,0.0,3.0,1.0,"hindu, temple",2.0
99.0,Khodardevi Cave,3.0,4.0,0.0,4.0,0.0,"cave, landmarks",2.0
100.0, Lahan Bazar,3.0,0.0,0.0,3.0,2.0,"city,landmarks",2.0
101.0,"Fulbari , Siraha",1.0,0.0,0.0,3.0,0.0,"city, garden, landmarks",2.0
102.0,Kamal Dah,0.0,0.0,2.0,5.0,0.0,lake,2.0
103.0,Kamala River,3.0,0.0,3.0,5.0,0.0,river,2.0
104.0,Manik Dah,0.0,0.0,2.0,5.0,2.0,lake,2.0
105.0,Janaki Mandir,5.0,0.0,0.0,5.0,5.0,"hindu, temple",2.0
106.0,Ram Mandir,5.0,0.0,0.0,5.0,5.0,"hindu, temple",2.0
107.0,Jaleshwar ,5.0,0.0,3.0,5.0,5.0,"hindu, temple , pond, park",2.0
108.0,Vivah Mandap,5.0,0.0,0.0,5.0,5.0,"hindu, temple , pond, park",2.0
109.0,Ratna Sagar,5.0,0.0,3.0,5.0,5.0,"hindu, temple , pond, park",2.0
110.0, Sarlahi Devi Temple,5.0,0.0,0.0,3.0,1.0,"hindu, temple",2.0
111.0,Gadhimai Temple,5.0,0.0,0.0,3.0,1.0,"hindu, temple",2.0
112.0,Rautahat,3.0,2.0,3.0,4.0,2.0,"city, muslim, landmarks",2.0
113.0,Parsa National Park,0.0,1.0,5.0,5.0,2.0,"national park, wildlife, landmarks",2.0
114.0,Maha Gadhimai,5.0,0.0,0.0,3.0,4.0,"hindu, temple",2.0
115.0,Churiya Mai Temple,5.0,0.0,0.0,4.0,3.0,"hindu, temple",2.0
116.0,Gadhimai Temple Jeetpur,5.0,0.0,0.0,3.0,1.0,"hindu, temple",2.0
117.0,Gateway of Nepal (Shankaracharya Gate),0.0,0.0,0.0,3.0,5.0,"landmarks, history, border",2.0
118.0,Ghadiarwa Pokhari – Birgunj,2.0,0.0,0.0,5.0,0.0,"hindu, temple, pond",2.0
119.0,Gahawa Mai Temple,4.0,0.0,0.0,3.0,1.0,"hindu, temple",2.0
120.0,Parasnath Temple,4.0,0.0,0.0,3.0,1.0,"hindu, temple",2.0
121.0, Vata Mandir,4.0,0.0,0.0,3.0,1.0,"hindu, temple",2.0
122.0,Pashupatinath temple,5.0,0.0,0.0,5.0,5.0,"Heritage,statues,temple,Religious shrine",3.0
123.0,Hanumandhoka palace,5.0,1.0,0.0,5.0,5.0,"Temple,sightseeing, historical",3.0
124.0,Chitwan national park,3.0,5.0,5.0,5.0,3.0,"trekking, wildlife,lakes,river",3.0
125.0,Kalinchowk bhagwati temple,4.0,0.0,0.0,3.0,4.0,"Temple,sightseeing,Religious",3.0
126.0,Baudhanath stupa,3.0,0.0,0.0,2.0,3.0,"Temple,statues",3.0
127.0,Gosaikunda lake,0.0,4.0,0.0,2.0,3.0,"lake,trekking,mountain",3.0
128.0,Saping village,4.0,2.0,0.0,3.0,2.0,"hill,village,cultural,trekking",3.0
129.0,Patan durbar square,4.0,0.0,0.0,3.0,4.0,"temples,statues,cultural,sculpture",3.0
130.0,Changunarayan temple,3.0,0.0,0.0,3.0,4.0,"temples,statues,cultural,sculpture",3.0
131.0,Bhaktapur durbar square,3.0,0.0,0.0,3.0,5.0,"temples,statues,cultural,sculpture,museum",3.0
132.0,Nagarkot,3.0,3.0,0.0,4.0,4.0,"hiking, trekking, picnic spot",3.0
133.0,Indra sarovar lake,1.0,4.0,0.0,2.0,5.0,"lake, pond, cultural, boat tour",3.0
134.0,Swayambhunath temple,3.0,0.0,0.0,3.0,5.0,"temple,statues,cultural,sculpture",3.0
135.0,Panauti,3.0,2.0,0.0,2.0,2.0,"hiking, cycling",3.0
136.0,Dolakha Bhimsen temple,3.0,0.0,0.0,3.0,4.0,"temple,statues,cultural,sculpture",3.0
137.0,Shailung Hills,0.0,3.0,0.0,3.0,3.0,"hill,trekking",3.0
138.0,Jiri,3.0,2.0,0.0,3.0,0.0,"hill,trekking",3.0
139.0,Gaurishankar conservation area,0.0,4.0,5.0,3.0,0.0,"red panda, mountain, hills, trekking",3.0
140.0,Jilu Village,3.0,0.0,0.0,2.0,3.0,"cultural, village",3.0
141.0,Tsho Rolpa,0.0,5.0,0.0,2.0,0.0,"lake, pond, trekking",3.0
142.0,Tasi Gumba,4.0,2.0,0.0,3.0,4.0,"hindu, buddhist,monastery",3.0
143.0,Langtang Himal,0.0,5.0,0.0,0.0,0.0,"mountain, hills, trekking",3.0
144.0,Langtang National Park,0.0,4.0,4.0,3.0,0.0,"trekking, wildlife.mountain,hills",3.0
145.0,Gosaikunda,0.0,4.0,0.0,3.0,3.0,"lake,pond,mountain,trekking",3.0
146.0,Tamang heritage and Langtang Valley,4.0,0.0,0.0,2.0,3.0,"village, scenary, trekking",3.0
147.0,Singa La Pass Trek,0.0,5.0,0.0,3.0,0.0,"trekking, scenary,village,mountain, hills",3.0
148.0,Trishuli River ,0.0,5.0,0.0,3.0,0.0,"rafting, river, trekking",3.0
149.0,Ruby Valley Trek,0.0,4.0,0.0,2.0,0.0,"trekking, mountain, hills, scenery",3.0
150.0,Ganga Jamuna Trek,0.0,4.0,0.0,2.0,0.0,"trekking, mountain, hills, scenery",3.0
151.0,Ganesh Himal Trek,0.0,5.0,0.0,3.0,0.0,"trekking,mountain,hills, scenery",3.0
152.0,Jyamrung Trek,0.0,4.0,0.0,3.0,0.0,"trekking,mountain,hills, scenery",3.0
153.0,Tripurasundari Mai,4.0,0.0,0.0,4.0,3.0,"temple,hindu, cultural",3.0
154.0,Nuwakot Durbar,4.0,0.0,0.0,3.0,5.0,"cultural, historical",3.0
155.0,Langtang Valley,2.0,3.0,0.0,3.0,0.0,"trekking, scenery, rhododendron",3.0
156.0,Kulekhani Dam,0.0,0.0,0.0,3.0,0.0,"dam, river, boat tour",3.0
157.0,Dhaulagiri of Nepal,0.0,5.0,0.0,0.0,0.0,"mountain,scenary,trekking",3.0
158.0,Daman ,3.0,3.0,0.0,3.0,4.0,"hills, mountain, picnic spot",3.0
159.0,Kyanjin Ri ,0.0,4.0,0.0,3.0,0.0,"hills, mountain, trekking",3.0
160.0,Thamel,2.0,3.0,0.0,4.0,0.0,"club, casino, tour, scultptures",3.0
161.0,Freak Street,3.0,0.0,0.0,3.0,3.0,"street, tour,club, sculptures",3.0
162.0,Asan Tole,4.0,1.0,0.0,4.0,3.0,"sculpture, hindu, temple, cultural",3.0
163.0,Garden Of Dreams,0.0,2.0,0.0,3.0,3.0,"Garden, pond",3.0
164.0,Kopan Monastery,3.0,0.0,0.0,2.0,3.0,"monastery, buddhist",3.0
165.0,Kumari Bahal,4.0,0.0,0.0,2.0,5.0,"hindu, historical, buddhist",3.0
166.0,Chabahil Stupa,4.0,2.0,0.0,3.0,3.0,"buddhist, hindu, cultural",3.0
167.0,Champa Devi Temple (Hiking Trail),4.0,4.0,0.0,3.0,3.0,"hiking, temple, religious shrine",3.0
168.0,Bungmati Village,0.0,4.0,0.0,3.0,2.0,"hiking, temple",3.0
169.0,Patan,4.0,2.0,0.0,4.0,5.0,"cultural, historical",3.0
170.0,Chhauni Museum,4.0,0.0,0.0,3.0,0.0,"museum, cultural",3.0
171.0,Ashok Binayak Temple,4.0,0.0,0.0,2.0,4.0,"temple, hindu, buddhist",3.0
172.0,Phulchowki,0.0,5.0,0.0,3.0,0.0,"hill, trekking, hiking, picnic spot",3.0
173.0,Shivapuri Nagarjun National Park,0.0,4.0,5.0,4.0,3.0,"trekking, hills, hiking, waterfall, wildlife",3.0
174.0,Taudaha Lake,0.0,3.0,0.0,2.0,5.0,"lake, pond, historical",3.0
175.0,Narayanhiti Palace,0.0,0.0,0.0,3.0,4.0,"historical,tour",3.0
176.0, Hanuman Dhoka,4.0,0.0,0.0,4.0,4.0,"temples, cultural",3.0
177.0,The Royal Botanical Gardens,0.0,0.0,0.0,3.0,0.0,"garden,pond",3.0
178.0,The White Monastery,3.0,2.0,0.0,2.0,4.0,"monastery, buddhist",3.0
179.0,Thimi,3.0,0.0,0.0,4.0,3.0,"cultural, temples",3.0
180.0,The Toothache Tree(Vaisha Dev Shrine),5.0,0.0,0.0,3.0,5.0,"Religious Shrine, temple",3.0
181.0, Kakani ,3.0,5.0,0.0,4.0,3.0,"cycling, biking, picnic spot, farm",3.0
182.0,Taumadhi Square,3.0,0.0,0.0,3.0,3.0,"sculpture, hindu, temple",3.0
183.0,Dattatraya and pottery Square,3.0,0.0,0.0,3.0,4.0,"picnic spot,hiking,temple",3.0
184.0,Pilot Baba Ashram,4.0,4.0,0.0,3.0,4.0,"hiking, scenery, temple",3.0
185.0,Kailashnath temple,3.0,0.0,0.0,3.0,4.0,"temple, statue,",3.0
186.0,Ranikot,0.0,3.0,0.0,3.0,0.0,"hiking, trekking, picnic spot",3.0
187.0,Siddha Pokhari,3.0,3.0,0.0,3.0,4.0,"pond, lake, temples, sculptures",3.0
188.0,Trishul Danda,3.0,3.0,0.0,2.0,3.0,"hill, temple",3.0
189.0,Ghyampe Danda,3.0,3.0,0.0,1.0,2.0,"hill, temple",3.0
190.0,Latarambeshwor,3.0,0.0,0.0,2.0,4.0,"temple,hill",3.0
191.0,Subarneshwor Mahadev temple,4.0,0.0,0.0,3.0,4.0,"hindu,temple, hill",3.0
192.0,Anantalingeshwor Mahadev temple,4.0,0.0,0.0,4.0,3.0,"hindu, temple, rhododendron,pond",3.0
193.0,Kalamasi,0.0,4.0,0.0,3.0,0.0,"dam-site, picnic spot, pond",3.0
194.0,Nil Barahi Temple,3.0,0.0,0.0,3.0,4.0,"hindu, temple",3.0
195.0,Gundu,3.0,0.0,0.0,3.0,3.0,"hiking, hill",3.0
196.0,Mahamanjushree Temple,4.0,0.0,0.0,4.0,4.0,"hill, temple, religious shrine",3.0
197.0,Uku Bahal,4.0,0.0,0.0,3.0,4.0,"buddhist, temple, monastery",3.0
198.0,Sundari Chowk,3.0,0.0,0.0,3.0,2.0,"statues, temple, pond",3.0
199.0,Bhimsen Temple,4.0,0.0,0.0,4.0,5.0,"temple, statues",3.0
200.0,Hari Shanker Temple,3.0,0.0,0.0,2.0,3.0,"hindu, temple, statues",3.0
201.0,Mahaboudha Temple,4.0,0.0,0.0,3.0,3.0,"temple, hindu, buddhist",3.0
202.0,Mangal Bazaar,3.0,0.0,0.0,3.0,2.0,"temple, statues, cultural",3.0
203.0,Rani pokhari,3.0,0.0,0.0,2.0,5.0,"pond, temple",3.0
204.0,Dhulikhel,3.0,4.0,0.0,3.0,0.0,"hill,hiking,trekking,picnic spot",3.0
205.0,Banepa ,3.0,0.0,0.0,3.0,0.0,"historical,hiking,trekking",3.0
206.0,Namo Buddha Monastery,4.0,0.0,0.0,3.0,4.0,"monsatery, buddhist",3.0
207.0,Dolalghat,3.0,4.0,0.0,4.0,4.0,"hiking,river,trekking",3.0
208.0,Sankhu,4.0,0.0,0.0,3.0,3.0,"temple, cultural, sculptures, statues",3.0
209.0,Budhanilkantha temple,5.0,0.0,0.0,4.0,5.0,"statues, temple, pond",3.0
210.0,Hiledevi Temple,3.0,0.0,0.0,3.0,3.0,"temple, statues, hindu",3.0
211.0,Gaukhureshor Mahadev Temple,4.0,0.0,0.0,3.0,4.0,"hindu, temple, statues",3.0
212.0,Dhaaraapani (Dhungedhaaraa),3.0,0.0,0.0,2.0,4.0,"statues, temple, pond",3.0
213.0,Howaang Chhiring Monastery,3.0,0.0,0.0,2.0,4.0,"monastery, buddhist",3.0
214.0,Kyaama Monastery,3.0,0.0,0.0,2.0,3.0,"monsatery, buddhist",3.0
215.0,Dakshinkali,5.0,5.0,0.0,4.0,5.0,"pond, temple,religious shrine,hiking,cycling",3.0
216.0,Guhyeshwari temple,4.0,0.0,0.0,2.0,3.0,"Religious Shrine, temple",3.0
217.0,Kandadevi,3.0,0.0,0.0,2.0,3.0,"temple,pond",3.0
218.0,Nagi gumba,3.0,4.0,0.0,3.0,3.0,"buddhist, temple,hiking",3.0
219.0,Panch Pokhari,1.0,2.0,0.0,3.0,3.0,"hindu,lake,trekking",3.0
220.0,Jatapokhari,1.0,2.0,0.0,2.0,2.0,"hindu,lake,trekking",3.0
221.0,Thodung Monastery,4.0,2.0,0.0,2.0,4.0,"buddhist,monastery",3.0
222.0,Gaurishankar ,0.0,5.0,0.0,3.0,3.0,"mountain, trekking",3.0
223.0,Sundarijal,0.0,5.0,0.0,3.0,2.0,"Picnic spot,hiking,waterfall",3.0
224.0,Sindhuli gadhi,3.0,4.0,0.0,3.0,3.0,"fort, trekking,hiking",3.0
225.0,Selfie hill,0.0,3.0,0.0,2.0,2.0,"hill, scenary",3.0
226.0,Bhadrakali Temple,4.0,0.0,0.0,2.0,3.0,"temple,hindu,statue",3.0
227.0,Kulekhani Dam ,0.0,0.0,0.0,2.0,3.0,"dam-site,  pond,lake",3.0
228.0,Kulekhani(Indra Sarovar)   ,0.0,4.0,0.0,3.0,4.0,"boat tour, lake",3.0
229.0,Chitlang VDC and Stupa of Chaitya Lhown(Ashoka Era),4.0,0.0,0.0,3.0,5.0,"statues, temple,hindu,buddhist",3.0
230.0,Jalbire Waterfall(Lamo Jharana),0.0,5.0,0.0,2.0,2.0,"waterfall, adventure",3.0
231.0,Devghat,3.0,2.0,0.0,2.0,2.0,"Religious, cultural, temples,river",3.0
232.0,Bishazari Tal,3.0,4.0,0.0,2.0,2.0,"pond,lake,adventure",3.0
233.0,Chitwan Tharu Village,4.0,0.0,0.0,3.0,2.0,"cultural, village",3.0
234.0,"Ranipokhari, chitwan",3.0,3.0,0.0,2.0,0.0,"pond,lake,adventure",3.0
235.0,Shiraichuli Hill,0.0,3.0,0.0,3.0,0.0,"hills,trekking,rhododendron",3.0
236.0,Sanga,3.0,4.0,0.0,4.0,4.0,"statues, cultural, temples",3.0
237.0,Amayangri Hill ,3.0,4.0,0.0,5.0,0.0,"hill, mountain, trekking, buddhist, stupa, natural beauty",3.0
238.0,"Tatopani, Sindhupalchowk",2.0,3.5,0.0,3.5,1.0,"river, pond, rafting, border",3.0
239.0,Bhotekoshi,0.0,4.0,0.0,3.0,0.0,"river, rafting",3.0
240.0,Sunkoshi,0.0,4.0,0.0,3.0,0.0,"river, rafting",3.0
241.0,Helambu ,4.0,0.0,0.0,3.0,2.0,"Village, trekking ",3.0
242.0,Central Zoo,0.0,3.0,5.0,4.0,0.0,"zoo, wildlife ",3.0
243.0,Gorkha Durbar & Museum,3.0,1.0,3.0,5.0,5.0,"museum, palace, history, hills, hiking, hindu, temple, art",4.0
244.0,Manaslu Circuit Trek,4.0,4.0,3.0,5.0,2.0,"hiking, trekking, hills, mountains, landmarks",4.0
245.0,Manakamana Temple,5.0,3.0,2.0,5.0,2.0,"hindu, temple, hills, hiking, cable car",4.0
246.0,Larpak Village ,3.0,3.0,1.0,4.0,1.0,"village, trekking, hiking, hills, mountains",4.0
247.0,Bhimsen Park ,4.0,0.0,0.0,2.0,5.0,"park, history",4.0
248.0,Gorakhnath Temple ,5.0,1.0,0.0,4.0,4.0,"hindu, temple, hills, hiking, history",4.0
249.0,Annapurna Circuit Trek,4.0,4.0,3.0,5.0,2.0,"hiking, trekking, hills, mountains, landmarks",4.0
250.0,Tilicho Lake,0.0,3.0,3.0,5.0,0.0,"hiking, trekking, hills, mountains, lake",4.0
251.0,Nar Phu Valley Trek,4.0,4.0,3.0,5.0,2.0,"hiking, trekking, hills, mountains, landmarks, village",4.0
252.0,Milarepa Cave,2.0,4.0,0.0,5.0,2.0,"buddhist, cave, landmarks, mountains, hills, hiking, trekking",4.0
253.0,Gangapurna Lake,0.0,3.0,3.0,5.0,0.0,"hiking, trekking, hills, mountains, lake",4.0
254.0,Braga Village,4.0,4.0,3.0,5.0,2.0,"hiking, trekking, hills, mountains, landmarks, village",4.0
255.0,Upper mustang trek,4.0,4.0,3.0,5.0,2.0,"hiking, trekking, hills, mountains, landmarks",4.0
256.0,Upper mustang tiji festival trek,4.0,4.0,3.0,5.0,2.0,"hiking, trekking, hills, mountains, landmarks",4.0
257.0,Upper Dolpo to Mustang trek,4.0,4.0,3.0,5.0,2.0,"hiking, trekking, hills, mountains, landmarks",4.0
258.0,Lo Manthang trek,4.0,4.0,3.0,5.0,2.0,"hiking, trekking, hills, mountains, landmarks",4.0
259.0,Lower Mustang trek,4.0,4.0,3.0,5.0,2.0,"hiking, trekking, hills, mountains, landmarks",4.0
260.0,Kali Gandaki valley trek,4.0,4.0,3.0,5.0,2.0,"hiking, trekking, hills, mountains, landmarks, village",4.0
261.0,Jomsom to Muktinath trek,4.0,4.0,2.0,5.0,2.0,"hiking, trekking, hills, mountains, landmarks, village, hindu, temple",4.0
262.0,Muktinath ,5.0,3.0,0.0,4.0,3.0,"hindu, temple, mountains, hills",4.0
263.0,Todke,3.0,2.0,1.0,4.0,0.0,"Village, hills, mountains, trekking, hiking",4.0
264.0,Jagannath Temple,5.0,0.0,0.0,3.0,3.0,"Hindu, temple, art",4.0
265.0,Galeshwor Dham,4.0,0.0,0.0,3.0,3.0,"hindu, temple",4.0
266.0,Maharani Than,3.0,0.0,0.0,3.0,3.0,"hindu, temple",4.0
267.0,Malika Dhuri,4.0,2.0,0.0,5.0,1.0,"hills, mountains, hindu, temple",4.0
268.0,Karbakeli footpath,4.0,4.0,3.0,5.0,2.0,"hiking, trekking, hills, mountains, landmarks, village",4.0
269.0,Singa Tatopani Kunda,2.0,2.0,0.0,3.0,1.0,"pond, landmarks",4.0
270.0,Kaligandaki River,0.0,0.0,1.0,4.0,3.0,"river, landmarks",4.0
271.0,Ghorepani,2.0,4.0,3.0,5.0,0.0,"hiking, trekking, hills, mountains, landmarks",4.0
272.0,Rupse Jharna,0.0,0.0,0.0,3.0,0.0,waterfall,4.0
273.0,Dhaulagiri Himal,1.5,5.0,2.0,5.0,2.0,"mountains, trekking, climbing",4.0
274.0,Beni Bazaar,3.0,0.0,1.0,4.0,2.0,"city, landmarks, hills, river",4.0
275.0,Phewa Lake,0.5,2.0,2.0,4.0,2.0,"lake, scenery",4.0
276.0,Davis Falls,0.0,3.0,0.0,5.0,1.5,waterfall,4.0
277.0,Tal Barahi Temple,4.0,2.0,1.0,4.0,2.0,"hindu, temple, lake",4.0
278.0,International Mountain Museum,2.0,0.0,0.0,4.0,5.0,"museum, history",4.0
279.0,Begnas Lake,0.0,3.0,1.0,4.0,0.0,"Lake, hills, hiking, mountains",4.0
280.0,Shree Bindhyabasini Temple,3.0,0.0,0.0,3.0,0.0,"hindu, temple",4.0
281.0,Gupteshwor Mahadev Cave,3.0,2.0,0.0,4.0,1.0,"hindu, temple, cave, waterfall",4.0
282.0,World Peace Pagoda,1.0,1.0,0.0,4.0,1.0,landmark,4.0
283.0,Mahendra Cave,1.0,2.0,0.0,4.0,1.0,cave,4.0
284.0,Rupa Lake,0.0,1.0,1.0,4.0,0.0,"Lake, hills",4.0
285.0,Gorkha Memorial Museum,3.0,0.0,0.0,4.0,5.0,museum,4.0
286.0,Chamere Gufa,1.0,2.0,2.0,4.0,1.0,cave,4.0
287.0,Seti River Gorge,0.0,0.0,1.0,3.0,0.0,"river, scenery",4.0
288.0,Bhimsen Temple,4.0,0.0,0.0,2.0,2.0,"temple, hindu ",4.0
289.0,Matepani Gumba,4.0,0.0,0.0,2.5,1.5,"buddhist, monastery, gumba",4.0
290.0,Sarangkot sunrise and paragliding,0.0,5.0,0.0,3.0,0.0,"hills, mountains, hiking ",4.0
291.0,Jangchub Choeling Monastery,4.0,0.0,0.0,2.5,1.5,"buddhist, monastery, gumba",4.0
292.0,Pokhara Disneyland,0.0,2.0,0.0,2.5,0.0,"park, landmark",4.0
293.0,Mardi Himal ,0.0,5.0,1.0,5.0,0.0,"mountains, trekking, climbing",4.0
294.0,Ghandruk Village,2.5,3.0,1.5,4.0,0.0,"mountains, hills, trekking, hiking, village",4.0
295.0,Annapurna Sanctuary Trek,3.0,4.0,1.5,4.0,2.0,"Mountains, trekking, climbing",4.0
296.0,Ghorepani Poon Hill Trek,2.0,3.0,1.0,3.5,0.0,"Hills, trekking, hiking, mountains",4.0
297.0,Annapurna Conservation Area,0.0,0.0,4.5,4.5,1.0,"national park, scenery",4.0
298.0,Machapuchhre Base Camp Trek,1.0,3.0,2.0,4.0,0.0,"hills, mountains, trekking, hiking",4.0
299.0,Beshi Sahar,2.5,0.0,1.5,3.0,2.0,"city, river",4.0
300.0,Ghale Gaon,3.5,0.0,1.5,4.5,0.0,"Village, hills, mountains, trekking, hiking",4.0
301.0,Bhujung,2.5,0.0,1.5,3.0,2.0,"village, hills, hiking, trekking",4.0
302.0,Ilampokhari,2.5,0.0,1.5,3.0,1.0,"village, hills, hiking, trekking",4.0
303.0,Barha Pokhari,4.0,2.0,0.0,4.0,2.0,"pond, lake, hiking, pilgrimage, hindu",4.0
304.0,Marshyandi ,0.0,4.5,0.0,4.0,0.0,"rafting, river ",4.0
305.0,Khudi,2.5,0.0,1.5,3.0,1.0,"village, hills, hiking, trekking",4.0
306.0,Bhulbhule,2.5,0.0,1.5,3.0,1.0,"village, hills, hiking, trekking",4.0
307.0,Bahun Dada (Hill),2.5,0.0,1.5,3.0,1.0,"village, hills, hiking, trekking",4.0
308.0,Dharme Beshi,2.5,0.0,1.5,3.0,1.0,"village, hills, hiking, trekking",4.0
309.0,Jagat,3.5,1.5,1.5,4.0,2.5,"village, hills, hiking, trekking",4.0
310.0,Bhote Odar,2.5,0.0,1.5,3.0,1.0,"village, hills, hiking, trekking",4.0
311.0,Dudhpokhari,2.5,0.0,1.5,3.0,1.0,"village, hills, hiking, trekking, hindu, pilgrimage, pond",4.0
312.0,Annapurna Second,1.0,5.0,1.5,4.5,3.0,"mountain, climbing, trekking",4.0
313.0,Boudha Mountain,0.0,3.5,1.0,4.0,2.0,"mountain, climbing, trekking",4.0
314.0,Himalchuli Mountain,0.0,5.0,1.0,4.5,3.5,"mountain, climbing, trekking",4.0
315.0,Byas Gufa (Cave),3.5,0.0,0.0,3.0,4.0,"hindu, temple, cave, history",4.0
316.0,Bandipur,2.0,0.0,0.0,3.5,4.0,"village, hills, history",4.0
317.0,Dhorfirdi,2.5,0.0,0.0,3.0,0.0,city,4.0
318.0,Vimad,3.0,1.0,0.0,3.5,3.0,"city, history, scenery",4.0
319.0,Siddha Gufa,1.5,2.0,0.0,3.5,2.0,"cave, hills, hiking",4.0
320.0,Rising Ranipokhari,2.0,0.0,0.0,2.5,1.0,"village, pond",4.0
321.0,Chundi Ramgha,2.0,0.0,0.0,3.5,3.0,"village, history",4.0
322.0,Chimkeshowari Lek,2.0,0.0,0.0,2.5,1.0,"village, hills",4.0
323.0,Chhabdi Baraha,4.0,0.0,0.0,2.0,1.0,"hindu, temple",4.0
324.0,Sital Cave,0.0,2.0,0.0,3.0,0.0,cave,4.0
325.0,Tanahusur Durbar,2.5,2.0,0.0,3.5,4.0,"palace, trekking",4.0
326.0,Manungkot,1.0,0.0,0.0,3.0,3.5,"Hills, hiking, history",4.0
327.0,Maulakalika Temple,4.0,0.0,0.0,2.0,3.0,"Hindu, temple, river",4.0
328.0,Daaune Devi Temple,4.0,0.0,0.0,2.0,3.0,"Hindu, temple",4.0
329.0,Devghat Dham,4.0,0.0,0.0,4.0,1.5,"hindu, temple, river, hills, forest",4.0
330.0,Cg Temple,1.0,0.0,0.0,5.0,0.0,"temple, art",4.0
331.0,Amaltari Homestay,4.0,2.0,1.0,4.0,0.0,"hiking, homestay, forest, scenery",4.0
332.0,Devchuli Hill,3.5,2.0,1.0,4.0,2.5,"hiking, scenery ",4.0
333.0,Karkineta( the source of Adhikhola River),3.5,0.0,0.0,3.5,0.0,"village, hills",4.0
334.0,Bhalu Pahad,0.0,0.0,0.0,3.0,0.0,hill,4.0
335.0,Chandikalika Temple,3.5,0.0,0.0,2.0,0.0,"hindu, temple",4.0
336.0,Sirubari,3.0,0.0,0.0,4.0,0.0,"homestay, village, hills",4.0
337.0,Sworek Hill,2.0,5.0,0.0,4.0,0.0,"paragliding, cave, hills",4.0
338.0,Chaaya Kshetra,3.5,0.0,0.0,3.0,3.5,"hindu, temple, cave",4.0
339.0,Garahun Kalika,3.5,0.0,0.0,4.0,3.0,"hindu, temple",4.0
340.0,Alamdevi,4.0,0.0,0.0,3.0,2.0,"hindu, temple",4.0
341.0,Mirmi Hydro dam,0.0,0.0,0.0,2.0,0.0,"dam, river",4.0
342.0,Mahabhir Waterfall Rappelling/ Canyoning,0.0,5.0,0.0,4.0,0.0,"waterfall, rappelling, canyoning, adventure",4.0
343.0,"Bungee Jump, Sky Cycling And Adventure Swing in Parbat",0.0,5.0,0.0,4.0,0.0,"hills, bungee, cycling, adventure",4.0
344.0,Painyukot Temple,4.0,0.0,0.0,3.0,3.0,"hindu, temple, history",4.0
345.0,Kushma Modibeni Area,3.0,2.0,0.0,4.0,2.0,"hindu, temple, cave, hills, river, pilgrimage",4.0
346.0,Sedibeni Shaligram Shila,4.0,2.0,0.0,4.0,3.0,"hindu, pilgrimage",4.0
347.0,Mahashila,3.0,0.0,0.0,3.5,0.0,"Hills, scenery, hindu ",4.0
348.0,Chisapani Kalika,4.0,2.0,0.0,4.0,3.0,"hindu, pilgrimage, hills",4.0
349.0,Dahare Neelkanth Mountain,1.5,2.0,0.0,4.0,3.5,"hindu, pilgrimage, hiking, history, hills",4.0
350.0,Panchase Panchadham,3.0,0.0,3.0,3.0,3.5,"hindu, buddhist, pilgrimage",4.0
351.0,"Bhamarkot, Maate, Jaljala, Hampal (Kalanzar) Mountains",0.0,2.5,1.5,5.0,0.0,"mountains, hills, trekking, hiking, village",4.0
352.0,Kalika Bhagwati Temple,4.0,0.0,0.0,3.0,2.0,"hindu, temple",4.0
353.0,Bhairavsthan Temple,4.0,0.0,0.0,3.0,2.0,"hindu, temple",4.0
354.0,Jaimineshwor Shiva Temple,4.0,0.0,0.0,3.0,2.0,"hindu, temple",4.0
355.0,Dhorpatan Taalbaraha Temple,4.0,0.0,0.0,3.0,2.0,"hindu, temple",4.0
356.0,Tripurshowr Mahadev Temple,4.0,0.0,0.0,3.0,2.0,"hindu, temple",4.0
357.0,Thalthapi Mai Bhagwati Temple,4.0,0.0,0.0,3.0,2.0,"hindu, temple",4.0
358.0,Devisthan Temple,4.0,0.0,0.0,3.0,2.0,"hindu, temple",4.0
359.0,Shivalaya Temple,4.0,0.0,0.0,3.0,2.0,"hindu, temple",4.0
360.0,Satyawati Temple,4.0,0.0,0.0,3.0,2.0,"hindu, temple",4.0
361.0,Dhorpatan Area,0.0,4.0,5.0,2.0,0.0,"wildlife, tour, lakes, river",4.0
362.0,Ghumte ko Lek (Dhuri),0.0,0.0,0.0,5.0,0.0,hill,4.0
363.0,Gaja Ko Daha,0.0,0.0,0.0,3.5,0.0,lake,4.0
364.0,Bhakunde Daha,0.0,0.0,0.0,3.5,0.0,pond,4.0
365.0,Sanshar Kot,0.0,2.0,0.0,4.0,0.0,"hills, hiking, scenery",4.0
366.0,Kapilvastu,4.0,0.0,0.0,3.0,5.0,"pilgrimage, statues,cultural,historical",5.0
367.0,Dhaulagiri mountain ,0.0,5.0,0.0,3.0,0.0,"mountain, trekking, hills,scenery",5.0
368.0,Dhorpatan hunting reserve,0.0,4.0,5.0,2.0,0.0,"wildlife, tour, lakes, river",5.0
369.0,Banke National Park,0.0,4.0,5.0,2.0,0.0,"wildlife, tour, lakes, river",5.0
370.0,Bardiya National Park,0.0,4.0,5.0,3.0,0.0,"wildlife, tour, lakes, river",5.0
371.0,Rani Mahal,4.0,0.0,0.0,3.0,5.0,"hill, historical",5.0
372.0,Pandaveshwor Temple,4.0,0.0,0.0,4.0,4.0,"picnic spot, sculptures, hindu, temple",5.0
373.0,Swargadwari,4.0,0.0,0.0,4.0,5.0,"hill, Religious Shrine, hindu, temple",5.0
374.0,Jitgadi Fort,3.0,0.0,0.0,3.0,5.0,"fort, historical",5.0
375.0,Bageshwori Temple,4.0,0.0,0.0,3.0,5.0,"hindu, temple, sculptures",5.0
376.0,Bhairabsthan,3.0,0.0,0.0,2.0,4.0,"hindu, temple, sculptures",5.0
377.0,Resunga,4.0,0.0,0.0,3.0,4.0,"hill, religious,temple",5.0
378.0,Ridi,4.0,0.0,0.0,2.0,3.0,"religious, cultural",5.0
379.0,Ambikeshwori,3.0,0.0,0.0,2.0,3.0,"temple, hindu, religious",5.0
380.0,Supa Deurali,2.0,0.0,0.0,2.0,3.0,"religious shrine, temple,hindu",5.0
381.0,Bahrakune,1.0,4.0,0.0,3.0,3.0,"boat tour, lake, pond",5.0
382.0,Jagadishpur,2.0,0.0,0.0,4.0,0.0,"reservoir, lake, wetland",5.0
383.0,Rukumkot,3.0,2.0,0.0,4.0,3.0,"pond, lake, temple, hill, trekking",5.0
384.0,Jakhera tal,0.0,4.0,0.0,3.0,0.0,"lake,pond,boat tour,scenery",5.0
385.0,Satyawati lake,2.0,0.0,0.0,1.0,4.0,"lake,pond,historical",5.0
386.0,Bibang Daha,0.0,3.0,0.0,3.0,0.0,"hill, scenary, hiking",5.0
387.0,Gajulkot,4.0,0.0,0.0,3.0,2.0,"hill,scenary,cultural",5.0
388.0,Jaljala,3.0,4.0,0.0,4.0,0.0,"trekking, lake, rhododendron",5.0
389.0,"Lungko Dewali(Lung,pyuthan)",4.0,0.0,0.0,3.0,4.0,"cultural, historical",5.0
390.0,Shree Rameshowr Mahadev Temple,3.0,0.0,0.0,3.0,2.0,"temple, hindu, religious",5.0
391.0,Marbhung,2.0,0.0,0.0,3.0,2.0,"hill, river, temple",5.0
392.0,Ismakot,2.0,0.0,0.0,3.0,3.0,"hill,temple,scenery",5.0
393.0,Purkot,3.0,0.0,0.0,3.0,3.0,"lake ,hills, wetland",5.0
394.0,Dhurkot,4.0,0.0,0.0,3.0,2.0,"hill,scenery,cultural",5.0
395.0,Aapchaur,2.0,0.0,0.0,4.0,0.0,"scenary, hill",5.0
396.0,Wami,3.0,0.0,0.0,3.0,2.0,"river,temple, scenary",5.0
397.0,Musikot,3.0,0.0,0.0,3.0,2.0,"scenary, hill, temple",5.0
398.0,Bichitra Gufa ,2.0,4.0,0.0,3.0,4.0,"cave, tour, scenery",5.0
399.0,Durbar Devisthan,4.0,0.0,0.0,3.0,2.0,"hill,scenary,cultural",5.0
400.0,Purtighat,3.0,0.0,0.0,3.0,3.0,"river,temple, scenery,hill",5.0
401.0,Balkot,3.0,0.0,0.0,4.0,0.0,"hill,scenery,cultural",5.0
402.0,Arghakot,2.0,0.0,0.0,3.0,0.0,"scenary,hill",5.0
403.0,Jabundada,4.0,3.0,0.0,3.0,3.0,"hill,scenery,cultural,trekking",5.0
404.0,Mathuradada,3.0,3.0,0.0,3.0,3.0,"hill,scenary,trekking",5.0
405.0,Maulipokhara,2.0,0.0,0.0,3.0,0.0,"scenery,hill",5.0
406.0,Argeli Palace,3.0,0.0,0.0,3.0,5.0,"scenery,hill,historical",5.0
407.0,Mul Dhoka,2.0,0.0,0.0,3.0,5.0,"palace, historical, picnic spot",5.0
408.0,Ramdi,4.0,0.0,0.0,3.0,2.0,"religious, scenery, cultural",5.0
409.0,Rishikesh Temple,3.0,0.0,0.0,4.0,5.0,"statue, religious, temple, hindu",5.0
410.0,Mahamritunjaya Statue,3.0,0.0,0.0,3.0,4.0,"statue, religious, temple, hindu",5.0
411.0,Vhairabsthan Temple,2.0,0.0,0.0,3.0,3.0,"temple,hindu, religious",5.0
412.0,Rambha Devi,3.0,0.0,0.0,4.0,3.0,"scenery, temple, religious",5.0
413.0,Tansen City,4.0,0.0,0.0,3.0,4.0,"cultural, historical,scenery",5.0
414.0,Shrinagar Hill,2.0,4.0,0.0,4.0,2.0,"hiking, hill, trekking,scenery",5.0
415.0,Sainamaina,2.0,0.0,0.0,3.0,0.0,"scenery, tour",5.0
416.0,Hillpark,0.0,2.0,0.0,4.0,0.0,"hills, picnic spot, park",5.0
417.0,Manimukunda Sen Uddhan (Fulbari),0.0,2.0,0.0,3.0,0.0,"park, garden, scenery",5.0
418.0,Dandakhola ,0.0,0.0,0.0,3.0,0.0,"river,scenery",5.0
419.0,Narayansthan,3.0,0.0,0.0,3.0,3.0,"hill,scenery,river,temple",5.0
420.0,Durga Temple,3.0,0.0,0.0,3.0,3.0,"temple, hindu, religious",5.0
421.0,Siddhartha Nagar,2.0,0.0,0.0,4.0,0.0,"park, scenery, tour",5.0
422.0,Tilaurakot Museum,3.0,0.0,0.0,3.0,3.0,"museum, sculpture",5.0
423.0,Gotihawa,4.0,0.0,0.0,3.0,4.0,"historical, cultural, religious",5.0
424.0,Nigrodharam,3.0,0.0,0.0,3.0,4.0,"sightseeing, scenery, historical",5.0
425.0,Araurakot,3.0,0.0,0.0,4.0,4.0,"historical, cultural, religious, temple",5.0
426.0,Kudan,3.0,0.0,0.0,4.0,5.0,"site, historical, temple, buddhist",5.0
427.0,Sawarikot,2.0,0.0,0.0,3.0,3.0,"scenery, river, hill",5.0
428.0,"Bijauri, Chillikot",3.0,0.0,0.0,3.0,2.0,"temple, hindu, hill, river",5.0
429.0,Gorakshya Ratna Nath Temple,3.0,0.0,0.0,4.0,3.0,"hindu, temple, religious, sculpture",5.0
430.0,Charinge Daha- Ghorahi Dang,2.0,0.0,0.0,3.0,2.0,"lake,scenery,temple",5.0
431.0,Ganeshpur Park- Tulsipur Dang,3.0,0.0,0.0,4.0,2.0,"park, scenery, tour",5.0
432.0,Ambikeshwari temple ,4.0,0.0,0.0,4.0,3.0,"temple, religious, hindu, cultural",5.0
433.0,Barhakune Daha (Baraha Chhetra),3.0,4.0,0.0,4.0,3.0,"pond,lake, temple, boat tour",5.0
434.0,Purandhara Waterfall,2.0,4.0,0.0,3.0,0.0,"waterfall, scenery",5.0
435.0,"Jakhera Lake(Lamahi,  Dang )",2.0,3.0,0.0,4.0,2.0,"lake, temple, scenery",5.0
436.0,Pandabeshwar Mahadev temple (Dharapani temple),3.0,0.0,0.0,3.0,2.0,"hindu, temple, scenary",5.0
437.0,"Chisapani, Banke",2.0,2.0,0.0,3.0,2.0,"scenary, beauty, hiking",5.0
438.0,Siwalik Hills,0.0,4.0,0.0,3.0,0.0,"mountain, hills, trekking",5.0
439.0,Paklihawa,2.0,2.0,0.0,3.0,3.0,"scenery, tour, hiking",5.0
440.0,Phoksundo lake,0.0,2.5,0.0,5.0,0.0,"lake, hiking, trekking, hills, mountains, scenery",6.0
441.0,Shey Gompa,4.0,0.0,0.0,5.0,4.0,"monastery, buddhist, hills, mountains, hiking, trekking",6.0
442.0,Shey Phoksundo National Park,3.0,2.0,5.0,5.0,0.0,"national park, natural beauty, scenery, forest, wildlife, monastery",6.0
443.0,Bon religion in dolpo ,5.0,0.0,0.0,4.0,4.5,"Bon religion, monastery, buddhist",6.0
444.0,Dho Tarap valley,5.0,0.0,0.0,4.0,4.0,"Bon religion, monastery, buddhist, history, village",6.0
445.0, Ringmo,5.0,0.0,0.0,3.0,0.0,"Bon religion, monastery, buddhist, village",6.0
446.0,Suligad waterfall,0.0,2.0,0.0,5.0,0.0,"waterfall, scenery, hiking",6.0
447.0,Rara Lake,0.0,3.5,0.0,4.0,0.0,"lake, pond, camping, horseriding, boating",6.0
448.0,Rafting and Kayaking in Karnali ,0.0,4.5,0.0,2.0,0.0,"rafting,river,adventure",6.0
449.0, Rara National Park,0.0,3.0,4.0,4.0,0.0,"national park, wildlife, lake, pond",6.0
450.0,mugu ,3.5,4.0,2.0,4.0,3.5,"village, hills, mountains, mountain cycling, paragliding",6.0
451.0,Thakur Jiu temple   ,3.5,0.0,0.0,3.0,2.0,"hindu, temple",6.0
452.0,Chhapru Mahadev,3.5,0.0,0.0,3.0,2.0,"hindu, temple",6.0
453.0,Dofya Mahadev,3.5,0.0,0.0,3.0,2.0,"hindu, temple",6.0
454.0,Thakurnath Mahadev,3.5,0.0,0.0,3.0,2.0,"hindu, temple",6.0
455.0,Tihar Gumba,3.5,0.0,0.0,3.0,2.0,"buddhist, monastery, gumba",6.0
456.0,Nara La Pass,0.0,4.0,0.0,5.0,0.0,"mountains, hills, trekking",6.0
457.0,Chyakpalung,0.0,4.0,4.0,5.0,0.0,"hills, mountains, trekking , natural beauty",6.0
458.0,Tso Lamgyok,0.0,3.5,2.0,5.0,0.0,"hills, mountains, lake, trekking, natural beauty",6.0
459.0,Upper Humla Circuit Trek,4.0,4.0,3.0,4.5,3.0,"hills, mountains, trekking",6.0
460.0,Sinja Valley,3.0,0.0,0.0,4.0,3.0,"Village, trekking ",6.0
461.0,Jumla Bazar,3.0,0.0,0.0,2.0,0.0,city,6.0
462.0,"Tatopani, Jumla ",2.0,0.0,0.0,2.0,0.0,pond,6.0
463.0,Kalikot ,3.0,4.0,3.0,4.0,2.0,"village, mountains, hills, rivers, rafting, swimming, fishing",6.0
464.0,"Katarniaghat Wildlife Sanctuary, Bahraich",0.0,0.0,5.0,5.0,0.0,"wildlife, forest, park",6.0
465.0,"Tikapur Park, Tikapur",0.0,0.0,0.0,3.5,3.5,"park, history, forest",6.0
466.0,Bardia National Park,0.0,4.0,5.0,3.0,0.0,"wildlife, tour, lakes, river",6.0
467.0,"Kothiyaghat Bridge, Baijnathpurwa",0.0,0.0,0.0,4.0,0.0,"river, landmark ",6.0
468.0,Jajarkot,3.0,0.0,0.0,3.0,3.0,"village, hills, history",6.0
469.0,Jajarkot durbar,0.0,0.0,0.0,3.0,5.0,"history, palace",6.0
470.0,Rukmini Lake,0.0,0.0,0.0,5.0,0.0,"lake, pond, natural beauty, forest",6.0
471.0,Deurali Cave,0.0,3.5,0.0,5.0,0.0,"hills, hiking, ponds, river, forest, cave , natural beauty",6.0
472.0,"Shibalaya , Rukum",4.0,0.0,0.0,3.0,3.5,"history, hindu, temple",6.0
473.0,Syarpu Lake,0.0,0.0,3.5,4.0,0.0,"lake, hills, natural beauty, wildlife",6.0
474.0,Guerilla Trek,4.0,3.5,2.0,4.0,4.0,"history, trekking, hills, culture",6.0
475.0,Kapurkot,3.0,0.0,0.0,3.0,0.0,"village, hills, hiking",6.0
476.0,"Mulpani Botanical Garden, salyan",0.0,0.0,0.0,5.0,0.0,"garden, hills, scenery",6.0
477.0,Kumakh Hill,3.5,0.0,0.0,3.5,0.0,"hindu, pilgrimage, hill, scenery",6.0
478.0,Kupinde Lake,2.5,0.0,0.0,4.0,0.0,"hindu, temple, lake, pond, hills, natural beauty",6.0
479.0,Deuti Bajai—the wish-granting goddess,4.0,0.0,0.0,2.0,2.0,"hindu, temple",6.0
480.0,Kakre Bihar—the “other Lumbini”,4.0,0.0,0.0,3.0,4.0,"hindu, temple, history, sculptures, forest",6.0
481.0,Bulbule,0.0,3.0,2.0,4.0,0.0,"park, garden, lake, boating",6.0
482.0,Viewpoint Gothikanda,0.0,0.0,0.0,4.0,0.0,"hill, forest",6.0
483.0,Baraha Lake and its mysterious Jalchara,0.0,0.0,4.0,4.0,0.0,"lake, wildlife, natural beauty",6.0
484.0,"jauljibi,dharchula",3.0,2.0,1.0,3.0,3.0,"sightseeing, scenery, historical,rivers",7.0
485.0,kali river,3.0,4.0,1.0,2.0,2.0,"cultural,beauty",7.0
486.0,om parbat,4.0,4.0,2.0,4.0,3.0,"trekking,holy beauty",7.0
487.0,Askot Sanctuary,0.0,0.0,4.0,3.0,1.0,"wildlife,tour",7.0
488.0,Narayan ashram,2.0,0.0,0.0,3.0,4.0,"history, natural beauty",7.0
489.0,"Ramkot Danda,bajhang",2.0,0.0,2.0,4.0,1.0,"hill, scenery",7.0
490.0,Surmasarowar lake,5.0,0.0,1.0,3.0,3.0,"hindu, temple pilgrimage, scenery, mountains, lake",7.0
491.0,saipal base camp,3.0,3.0,1.0,3.0,0.0,"mountains, hills, trekking",7.0
492.0,Budinanda region,4.0,0.0,0.0,4.0,2.0,"hindu, pilgrimage, trekking, lake",7.0
493.0,Badimalika temple,3.0,3.0,2.0,3.0,1.0,"hindu, temple",7.0
494.0,Saileshwori Temple,3.0,0.0,0.0,3.0,3.0,"hindu, temple",7.0
495.0,Ramaroshan,0.0,0.0,4.0,4.0,0.0,"wildlife, lake, scenery ",7.0
496.0,khaptad region,0.0,2.0,4.0,4.0,0.0,"lake, wildlife, natural beauty",7.0
497.0,Baidyanath temple,3.0,0.0,0.0,3.0,0.0,"hindu, temple",7.0
498.0,Api -Nampa Conservational area,0.0,3.0,4.0,4.0,0.0,"national park, wildlife",7.0
499.0,Api Base camp trek,2.0,3.0,3.0,4.0,0.0,"scenery, natural beauty, mountains, hills",7.0
500.0,Malikarjun temple,3.0,1.0,0.0,3.0,0.0,"hindu, temple",7.0
501.0,Amargadhi Fort,0.0,0.0,0.0,3.0,4.0,history,7.0
502.0,Ugratara Temple,4.0,2.0,0.0,3.0,0.0,"hindu, temple",7.0
503.0,Ajaymerukot Durbar,0.0,0.0,0.0,3.0,3.0,"palace, history",7.0
504.0,Parshuram Dham,4.0,0.0,0.0,3.0,0.0,"hindu, temple",7.0
505.0,Tripura Sundari temple,3.0,0.0,0.0,3.0,1.0,"hindu, temple",7.0
506.0,Patal bhuvaneshwor temple(cave),3.0,3.0,0.0,4.0,0.0,"hindu, temple, cave",7.0
507.0,Raula kedar,3.5,0.0,0.0,3.0,3.0,"hindu, religious shrine, temple",7.0
508.0,Ninglasaini Bhagwati,3.0,0.0,0.0,4.0,0.0,"hindu, temple",7.0
509.0,Panchadewal Hat,3.0,0.0,0.0,3.0,3.0,"history, temple",7.0
510.0,Shuklaphata National Park,0.0,0.0,5.0,4.0,0.0,"national park, wildlife, natural beauty",7.0
511.0,Bedkot lake,0.0,0.0,1.0,4.0,0.0,lake,7.0
512.0,Jhilmila lake,2.0,0.0,1.0,4.0,2.0,lake,7.0
513.0,Chadani bridge,0.0,0.0,0.0,4.0,0.0,river,7.0
514.0,Ghoda Ghodi lake,0.0,0.0,3.0,4.0,0.0,"lake, wildlife, natural beauty",7.0
515.0,Tikapur Park,0.0,0.0,0.0,3.5,3.5,"park, history, forest",7.0
516.0,Godawari Ram Temple,4.0,0.0,0.0,4.0,0.0,"hindu, temple",7.0
517.0,Karnali Bridge,0.0,0.0,0.0,4.0,0.0,"river, scenery ",7.0
,,,,,,,,
,,,,,,,,
,,,,,,,,
,,,,,,,,
,,,,,,,,
,,,,,,,,
,,,,,,,,
,,,,,,,,
,,,,,,,,
,,,,,,,,
,,,,,,,,
,,,,,,,,
,,,,,,,,
,,,,,,,,
,,,,,,,,
,,,,,,,,
,,,,,,,,
,,,,,,,,
,,,,,,,,
,,,,,,,,
,,,,,,,,
,,,,,,,,
,,,,,,,,
,,,,,,,,
,,,,,,,,
,,,,,,,,
,,,,,,,,
,,,,,,,,
,,,,,,,,
,,,,,,,,
,,,,,,,,
,,,,,,,,
,,,,,,,,
,,,,,,,,
,,,,,,,,
,,,,,,,,
,,,,,,,,
,,,,,,,,
,,,,,,,,
,,,,,,,,
,,,,,,,,
,,,,,,,,
,,,,,,,,
,,,,,,,,
,,,,,,,,
,,,,,,,,
,,,,,,,,
,,,,,,,,
,,,,,,,,
,,,,,,,,
,,,,,,,,
,,,,,,,,
,,,,,,,,
,,,,,,,,
,,,,,,,,
,,,,,,,,
,,,,,,,,
,,,,,,,,
,,,,,,,,
,,,,,,,,
,,,,,,,,
,,,,,,,,
,,,,,,,,
,,,,,,,,
,,,,,,,,
,,,,,,,,
,,,,,,,,
,,,,,,,,
,,,,,,,,
,,,,,,,,
,,,,,,,,
,,,,,,,,
,,,,,,,,
,,,,,,,,
,,,,,,,,
,,,,,,,,
,,,,,,,,
,,,,,,,,
,,,,,,,,
,,,,,,,,
,,,,,,,,
,,,,,,,,
,,,,,,,,
,,,,,,,,
,,,,,,,,
,,,,,,,,
,,,,,,,,
